customer_id,age,city,income,score,purchases,purchased
C1176,51,Colombo,60128,0.728,2,0
C1132,22,Galle,94989,0.387,4,0
C1006,,Jaffna,81217,0.751,0,0
C1084,47,COLOMBO,103321,0.575,6,1
C1456,,Galle,58237,0.798,8,1
C1311,49,Colombo,79461,0.676,7,0
C1333,57,Colombo,128793,0.554,5,FALSE
C1072,39,Colombo,86247,0.549,3,0
C1184,41,Colombo,61311,0.515,4,0
C1154,38,Negombo,33377,0.616,8,0
C1229,26,Kandy,18000,0.513,3,0
C1304,43,Colombo,28625,0.544,10,FALSE
C1093,36,Kandy,63913,0.693,1,1
C1101,27,Colombo,106631,0.519,2,FALSE
C1010,42,Colombo,84852,0.521,0,1
C1448,42,Galle,65942,0.671,1,0
C1079,49,Colombo,75856,0.446,1,0
C1030,39,Colombo,75252,0.794,8,0
C1185,38,Colombo,120327,0.745,11,0
C1137,,negombo,84349,0.529,11,0
C1195,22,GALLE,100465,47%,6,0
C1082,25,Gale,82581,0.731,7,1
C1158,41,Colombo,72725,,11,1
C1375,22,Kandy,101978,0.701,11,0
C1231,58,Colombo,LKR 84939,0.712,6,0
C1298,,Galle,67590,0.563,7,0
C1077,28,Kandy,98303,0.501,7,FALSE
C1384,150,Colombo,50859,56%,2,0
C1489,46,Kandy,81545,0.59,1,0
C1408,61,Kandy,,0.688,2,TRUE
C1484,39,Colombo,60688,0.663,4,1
C1398,31,Gale,82745,68%,7,1
C1329,44,Colombo,84625,0.691,8,0
C1009,22,Kandy,50370,0.722,0,YES
C1073,24,Kandy,"83,608",0.237,7,0
C1487,42,Colombo,55651,0.667,5,0
C1192,46,Galle,87223,0.338,8,0
C1247,37,Galle,58672,0.375,1,0
C1078,150,Galle,97568,0.412,11,0
C1355,64,Galle,79989,0.393,2,0
C9007,0,JAFFNA,52826,0.769,9,1
C1055,20,Kandy,79462,,9,0
C1479,23,Kandy,51718,0.657,11,0
C1140,64,Galle,53396,0.552,7,0
C1225,32,Colombo,,0.672,9,0
C1414,18,Colombo,71371,0.671,6,0
C9005,18,Colombo,28856,0.814,10,0
C1227,45,Kandy,18000,,3,0
C1495,,Kandy,44684,0.643,0,0
C1270,31,JAFFNA,94152,0.509,8,0
C1486,33,Colombo,59329,0.538,8,0
C1063,63,Colombo,94673,0.763,10,0
C1440,63,Colombo,,0.98,9,0
C1424,37,Kandy,75320,0.351,4,0
C1287,44,Colombo,66753,0.612,5,0
C1244,47,Galle,74217,0.798,5,1
C9013,60,Colombo,75973,0.381,11,0
C1002,48,Kandy,24824,0.694,2,0
C1465,63,Colombo,LKR 44719,0.735,9,1
C1395,59,Jaffna,"76,738",0.716,7,1
C1104,55,Kandy,34039,0.661,5,0
C1090,38,Colombo,70554,0.408,0,0
C1274,37,Colombo,72586,0.556,11,0
C1173,51,Colombo,,0.703,9,0
C1348,26,Negombo,106793,0.751,7,0
C1068,21,Colombo,51187,0.98,2,1
C1172,54,Colombo,66015,0.522,3,0
C1033,44,Colombo,120073,0.674,5,0
C1070,55,Jaffna,,0.651,4,0
C1076,33,Jaffna,96905,0.336,1,0
C1000,22,Galle,72884,0.612,1,0
C1011,63,Jaffna,76282,,1,0
C1453,19,Jaffna,"53,047",0.701,1,0
C1022,26,Colombo,52546,0.923,3,TRUE
C1431,52,Colombo,96178,0.849,8,1
C1368,19,Colombo,89371,0.443,7,1
C9011,61,Colombo,33021,0.332,11,0
C1296,57,Colombo,76148,,6,NO
C1326,29,,63171,0.299,1,0
C1245,21,KANDY,44976,0.627,3,1
C1018,57,Colombo,39363,0.731,0,1
C1177,25,Jaffna,56029,0.587,10,0
C1131,44,Negombo,64225,0.721,11,1
C1277,54,Negombo,77666,0.41,0,0
C9003,54,Jaffna,75068,0.628,1,1
C1039,47,Colombo,84736,0.533,3,0
C1467,46,Colombo,83038,0.665,3,0
C1046,38,Negombo,LKR 76840,-0.2,8,0
C1388,59,Galle,103678,0.581,9,FALSE
C1204,,Colombo,71345,0.653,8,0
C1364,23,Colombo,77429,0.599,6,0
C1402,33,galle,58504,0.757,7,0
C1325,28,Kandy,56097,,0,0
C1124,58,Colombo,77883,,1,0
C1483,55,Colombo,72747,0.201,1,FALSE
C1499,38,Jaffna,104149,0.379,1,0
C1117,24,Galle,106405,0.738,5,1
C1069,40,Negombo,71677,0.768,3,y
C1356,25,Jaffna,104018,0.625,6,0
C1302,18,Colombo,84016,0.578,8,FALSE
C1371,49,Kandy,75187,0.366,0,0
C1471,55,Kandy,97165,0.337,10,0
C1391,26,Jaffna,69023,,10,1
C1380,18,,99862,0.61,8,TRUE
C1405,41,Colombo,69057,0.824,0,1
C1331,35,Kandy,70510,0.49,0,0
C1220,23,Kandy,79655,0.5,5,1
C1148,56,Kandy,62133,0.844,7,1
C1301,56,Colombo,81953,0.125,6,0
C1278,21,Galle,77877,0.748,0,0
C1357,59,Colombo,136803,0.805,5,YES
C1354,63,Negombo,54917,0.358,10,0
C1208,30,Galle,69890,0.738,3,1
C1255,24,Galle,52085,59%,2,FALSE
C1334,39,Jaffna,44699,0.372,6,0
C1275,40,Colombo,82760,0.421,6,0
C1447,,Kandy,114638,0.62,3,1
C1361,,Galle,71673,59%,2,1
C1086,,Colombo,72091,0.441,7,0
C1322,46,Kandy,90368,0.663,8,y
C1075,40,Galle,"72,301",0.772,7,0
C1454,46,Colombo,LKR 73133,0.579,5,1
C1015,54,Colombo,,48%,6,0
C1370,33,Galle,61886,0.37,6,0
C1182,41,Galle,71756,0.583,5,n
C1399,32,COLOMBO,53250,0.483,6,0
C1019,39,Colombo,25560,0.899,7,Yes
C1332,32,Colombo,77412,0.515,3,0
C1342,47,Colombo,64958,0.473,2,0
C1056,43,Colombo,50944,0.512,2,0
C1250,26,Galle,,0.64,6,0
C1341,31,Kandy,106989,0.645,9,0
C1437,61,Negombo,107405,0.303,4,0
C1155,49,Jaffna,31911,0.686,0,0
C1025,48,Colombo,,0.632,6,YES
C1386,,Galle,"45,172",0.711,2,0
C1042,50,,91280,0.763,9,0
C1314,29,Galle,63386,0.98,10,1
C1284,38,Colombo,75066,0.582,2,0
C1167,25,Galle,65511,0.424,3,0
C1286,25,Kandy,89742,0.241,8,0
C1126,21,Negombo,144935,-0.2,4,0
C1336,,Colombo,78297,0.489,2,0
C1031,28,Colombo,68416,0.893,4,YES
C1113,39,Colombo,LKR 66644,0.669,7,1
C1411,28,Jaffna,69212,0.47,5,0
C1222,51,colombo,85797,0.37,11,0
C1153,31,Colombo,76386,0.331,8,0
C1057,25,Galle,83734,0.912,3,0
C1210,30,Kandy,75132,0.571,4,0
C1024,54,Galle,77179,0.808,5,y
C1017,,Colombo,92754,0.723,9,n
C1211,51,Colombo,84863,0.453,6,0
C1066,60,Colombo,75973,0.381,11,0
C1228,43,Galle,83423,0.565,0,0
C1209,54,Galle,76666,0.754,2,1
C1094,60,Galle,61183,0.722,11,TRUE
C1289,40,Jaffna,83335,0.644,0,0
C1291,30,,106731,0.719,9,y
C1023,,Kandy,34084,0.524,7,0
C1365,42,Galle,66017,0.328,11,0
C1422,54,,30966,0.185,11,0
C1218,39,Colombo,95686,0.395,2,0
C1005,58,Galle,"107,146",0.714,0,1
C1116,19,Galle,67822,0.704,11,1
C1045,63,Jaffna,35761,0.599,10,0
C1428,19,Colombo,97419,0.588,7,0
C1016,42,Colombo,92111,62%,1,0
C1481,56,Colombo,64304,0.531,7,0
C1369,54,Colombo,68913,0.538,11,0
C1003,38,Colombo,42074,0.761,1,0
C1238,32,Kandy,74958,0.941,4,TRUE
C1438,21,Galle,21081,0.755,2,Yes
C1060,61,Kandy,73874,0.835,5,1
C1110,31,NEGOMBO,83711,0.282,6,0
C1460,51,Negombo,45949,0.35,3,0
C1271,19,Colombo,107544,0.616,0,0
C1029,38,Jaffna,55351,0.339,5,0
C1423,45,,63050,0.74,2,1
C1180,62,Negombo,83573,0.833,1,1
C1026,36,Colombo,114547,0.546,11,0
C1007,50,Colombo,91881,0.516,11,0
C1181,25,Galle,77256,0.562,9,0
C1469,61,Negombo,71898,0.777,4,1
C1108,40,Kandy,101712,0.598,11,0
C1037,56,Colombo,93810,0.613,9,Yes
C1157,44,Jaffna,70139,65%,6,0
C1485,28,Galle,60167,0.963,10,TRUE
C1118,29,Colombo,115423,0.98,11,1
C1114,41,GALLE,,0.694,8,FALSE
C1268,46,Colombo,68342,0.679,10,0
C1175,39,Jaffna,98085,0.955,2,1
C1203,50,Colombo,62428,0.872,7,0
C1262,32,Colombo,80049,0.641,11,0
C1144,64,Colombo,59743,0.552,1,0
C1194,-3,Colombo,96723,,7,1
C1382,62,Colombo,88164,0.848,2,1
C1393,46,COLOMBO,,0.634,7,0
C1418,31,Colombo,73046,0.621,1,0
C1234,41,Colombo,59334,,2,1
C1237,38,Colombo,,0.636,7,0
C1461,24,Galle,93803,0.435,0,0
C1141,28,Colombo,43269,0.785,2,1
C9998,,,,,,
C1067,0,Galle,70536,0.616,6,1
C1323,61,Galle,77242,0.601,2,1
C1168,33,Colombo,19963,0.681,4,0
C1188,29,Galle,76538,,8,0
C1346,64,Galle,51417,0.411,10,0
C1433,,Kandy,62647,0.551,2,0
C1353,-3,Galle,39959,0.618,0,1
C1193,35,Colombo,61312,0.847,3,0
C1081,38,,51159,0.24,8,0
C1109,51,Kandy,18000,0.754,5,1
C1261,26,Jaffna,41324,1.35,0,TRUE
C1145,58,Kandy,93283,0.688,1,0
C1092,57,JAFFNA,LKR 80563,0.498,5,0
C1152,61,Galle,90934,0.693,6,1
C1068,21,Colombo,51187,0.98,2,1
C1407,24,Colombo,72834,0.906,8,0
C1253,33,Kandy,88570,0.213,5,0
C1083,57,Jaffna,83344,0.756,8,0
C1103,18,kandy,28434,0.339,9,FALSE
C1165,56,Colombo,81356,0.637,7,0
C1163,37,,49217,0.59,2,1
C1199,63,Kandy,33622,0.625,11,0
C1249,,Kandy,75761,0.302,2,NO
C1074,50,Jaffna,35692,0.666,5,1
C1318,62,Colombo,92725,0.453,11,0
C1310,,Colombo,101128,0.72,2,0
C1488,53,Colombo,125196,0.804,3,1
C1119,23,Jaffna,67609,0.582,6,0
C1290,55,Negombo,47834,0.632,5,TRUE
C1498,61,Galle,48702,-0.2,5,0
C1470,,Kandy,"108,699",0.524,0,0
C1410,26,Colombo,55327,0.4,6,0
C1494,31,Kandy,18000,0.438,1,0
C1280,30,Galle,73696,0.518,1,0
C1452,,Colombo,72429,0.644,6,n
C1497,35,Kandy,25505,0.525,3,0
C1305,24,Colombo,66982,0.814,2,1
C1396,20,Colombo,99941,0.98,5,1
C1320,33,colombo,53995,0.573,9,0
C1036,58,Colombo,54741,0.76,5,0
C1196,34,Negombo,106599,0.98,9,1
C1139,38,Jaffna,89665,0.574,5,0
C1377,53,Colombo,85880,0.663,0,0
C1442,-3,Colombo,69399,0.602,7,0
C1493,46,Colombo,59302,0.6,8,0
C1400,64,Kandy,84907,0.724,6,FALSE
C1059,50,Colombo,46342,0.581,2,No
C9009,21,Galle,77877,0.748,0,0
C1248,54,Colombo,95336,0.363,5,0
C1111,54,Colombo,109352,0.427,5,NO
C1089,57,Negombo,79779,0.557,5,0
C1272,25,Colombo,114476,0.508,0,NO
C1265,45,Colombo,88904,0.474,2,FALSE
C1373,35,Kandy,78968,0.489,11,FALSE
C1150,58,Colmbo,,1.35,4,0
C1394,51,Galle,77245,0.498,11,n
C1038,31,Kandy,89072,93%,9,1
C1324,63,Jaffna,58229,0.865,8,1
C1198,33,,104995,0.795,0,1
C1266,39,Colombo,44106,0.778,3,0
C1146,19,Jaffna,45472,0.417,7,0
C1406,38,Jaffna,113970,0.198,8,0
C1147,28,Colombo,66047,0.859,0,1
C1316,52,,LKR 96695,0.755,6,1
C1415,49,Galle,103346,0.815,3,1
C1123,40,Colombo,72947,0.525,8,n
C1381,62,Jaffna,88510,0.824,11,y
C1096,29,Negombo,66156,0.583,3,0
C1143,37,Galle,76848,0.775,2,1
C1239,47,Kandy,83977,0.684,4,1
C1281,40,Galle,58956,0.508,1,0
C1097,50,Colombo,80370,0.688,5,0
C1362,28,Negombo,84517,,1,0
C1122,,Colombo,113581,0.699,11,1
C1183,50,Jaffna,109942,0.532,10,0
C1202,41,Galle,77623,0.69,4,0
C1246,53,Kandy,69372,39%,6,0
C1455,44,Kandy,39795,0.329,1,0
C1307,44,Kandy,75793,0.589,7,0
C1468,26,Galle,88485,0.595,6,0
C1429,,Colombo,97664,0.495,11,0
C1409,18,Colombo,28856,0.814,10,0
C1374,59,Negombo,60567,0.688,6,0
C1125,44,colombo,83040,0.98,0,1
C1312,23,jaffna,63992,0.797,11,1
C1223,27,colombo,101407,0.879,10,1
C1432,56,Colombo,80998,0.717,1,0
C1219,60,Kandy,,0.822,11,1
C1129,47,Galle,96318,0.6,5,FALSE
C1434,38,Galle,90352,0.577,11,0
C1297,38,Colombo,68975,,2,1
C1338,27,Colombo,77604,0.766,7,1
C1390,53,Galle,107723,0.672,0,1
C1299,,Kandy,88633,0.272,10,0
C1367,32,Colombo,41040,0.79,2,1
C1420,61,Colombo,112813,0.355,0,FALSE
C1294,43,Colombo,52009,0.317,1,FALSE
C1404,41,Jaffna,70948,0.655,8,0
C1421,50,Kandy,23969,0.711,4,0
C1112,44,Colombo,50189,,0,TRUE
C1179,41,Jaffna,41216,0.366,6,0
C1317,52,Colombo,62729,0.316,3,0
C1349,25,Galle,73298,1.35,7,0
C1340,47,Negombo,,0.549,6,1
C9001,41,Colombo,59334,,2,1
C1105,54,Kandy,LKR 75640,0.794,6,1
C1233,53,Colombo,49427,0.549,6,0
C1477,18,Colombo,54616,0.98,5,1
C1321,23,Jaffna,96426,0.771,4,0
C1164,,Colombo,50947,0.305,4,0
C1136,46,Galle,82405,0.552,11,No
C1197,23,Kandy,86647,0.799,11,1
C1258,26,Kandy,43829,0.55,11,0
C1232,18,Kandy,85506,0.6,0,0
C1115,44,Kandy,55324,0.955,11,y
C1120,38,Galle,116911,,7,0
C1360,57,Kandy,80363,0.834,0,1
C1224,51,Colombo,81366,0.594,6,0
C1416,63,Jaffna,76358,0.302,11,0
C1347,61,Galle,85011,0.649,5,0
C1127,53,KANDY,93728,0.488,6,0
C1285,62,Colombo,82485,1.35,5,0
C1425,27,Colombo,90182,0.63,2,0
C1107,49,galle,72413,0.334,9,0
C1383,29,Colombo,86433,0.364,10,NO
C1335,55,Galle,107384,0.507,7,NO
C1133,44,Kandy,75684,0.683,5,0
C1376,,Galle,109742,0.678,6,1
C1044,21,Jaffna,82497,0.611,9,0
C1478,49,Kandy,107668,0.307,9,0
C1065,33,Colombo,80473,0.665,3,0
C1283,41,Galle,88946,0.679,7,0
C1085,50,Kandy,99200,0.173,8,NO
C1242,22,Galle,52948,0.466,9,FALSE
C1186,25,Colombo,70041,0.666,9,0
C1397,,Kandy,67052,0.3,5,0
C1159,54,Negombo,74384,0.885,1,1
C1012,52,Colombo,87072,0.407,6,n
C1035,20,Kandy,99993,0.507,2,0
C1028,43,Jaffna,66822,0.589,4,0
C1170,22,,56673,0.499,3,0
C1142,30,Kandy,73715,0.308,5,0
C1412,0,Colombo,59911,0.646,8,0
C1352,32,Jaffna,69956,0.681,2,1
C1221,39,,94501,,11,1
C1095,31,Galle,81852,0.951,2,1
C1051,27,Colombo,104903,0.881,10,1
C1240,24,Galle,110571,0.793,8,1
C1449,31,Colombo,67001,0.494,8,0
C1351,20,Galle,50478,0.58,2,0
C1392,35,Colombo,"49,651",0.612,0,1
C1178,60,Colombo,85535,0.724,11,No
C1041,53,Colombo,88978,0.638,1,1
C1451,61,Colombo,33021,0.332,11,0
C1444,41,,53327,0.834,5,0
C1206,53,Negombo,71266,0.768,4,y
C1282,49,Colombo,65882,0.859,6,0
C1358,22,Galle,62095,,1,0
C1254,49,Kandy,53006,0.586,0,0
C1426,58,Jaffna,85408,0.599,8,0
C1004,38,Colombo,54696,0.458,4,0
C1256,0,Colombo,99303,0.98,1,1
C1464,18,Galle,74766,50%,9,0
C1100,57,,64413,0.483,9,FALSE
C1226,56,Kandy,82389,0.98,11,1
C1441,32,Jaffna,67008,0.422,2,0
C1213,39,Colombo,111243,0.326,9,n
C1436,44,Kandy,75029,0.69,7,FALSE
C1171,,Colombo,62730,0.886,4,1
C1098,47,,LKR 81010,0.353,9,0
C1292,62,Jaffna,63984,0.781,7,0
C1215,30,Galle,87970,0.605,3,0
C1061,53,Kandy,"73,246",0.229,8,0
C1047,59,Jaffna,62764,0.739,3,YES
C1032,22,Colmbo,52669,0.477,2,0
C1267,34,Galle,82283,0.373,7,0
C1327,19,Kandy,86937,,4,0
C1200,35,Colombo,68006,0.581,1,0
C1462,53,Jaffna,57395,0.523,4,0
C1027,56,Kandy,86359,0.295,8,0
C1403,,Colombo,69812,0.832,8,1
C1230,39,Kandy,37084,0.561,7,0
C1260,55,Colombo,LKR 85194,0.701,2,1
C1378,35,Kandy,96421,0.904,10,1
C1288,,Colombo,91637,0.98,4,1
C1162,37,Colombo,50556,0.563,11,0
C1439,36,Kandy,43811,0.643,10,FALSE
C1138,34,Colombo,32387,0.546,6,1
C1062,35,Colombo,114546,0.257,7,0
C1135,32,Negombo,"75,308",0.704,5,1
C1128,45,Colombo,59440,0.785,8,1
C1496,23,Colombo,35166,,6,0
C1008,,Colombo,49916,0.721,1,0
C1326,29,,63171,0.299,1,0
C1482,29,Colombo,84245,0.645,2,0
C1064,37,COLOMBO,75252,0.631,1,1
C1300,35,Kandy,,0.392,4,FALSE
C1014,51,Negombo,81119,,8,0
C1156,23,Colombo,74729,0.72,2,0
C1040,25,Jaffna,102493,,5,1
C1379,30,Jaffna,102323,0.428,9,0
C1476,57,Colombo,47984,0.536,0,0
C1417,23,Negombo,75819,,11,0
C1216,21,,49681,0.541,11,FALSE
C1279,21,Colombo,93123,0.407,10,0
C1450,63,Colombo,49718,0.604,7,FALSE
C1446,150,Galle,129063,0.66,1,1
C1337,32,Colombo,84046,0.759,7,0
C1236,49,kandy,64351,0.98,6,1
C1207,63,Kandy,84103,0.786,11,1
C1212,55,negombo,100637,0.464,8,Yes
C1295,42,Kandy,52537,,0,0
C1473,39,Negombo,91503,0.524,6,0
C1251,41,jaffna,72664,,10,0
C1448,42,Galle,65942,0.671,1,0
C1480,31,Colombo,45904,0.417,3,0
C1303,,Jaffna,88555,59%,1,0
C1350,43,Kandy,70669,0.625,8,1
C1269,45,Jaffna,64379,0.652,3,0
C1201,60,Jaffna,55926,0.582,6,0
C1161,49,Galle,95848,0.104,11,0
C1043,34,Colombo,89012,0.54,2,1
C1217,22,Negombo,73067,0.088,5,0
C1401,54,Jaffna,75068,0.628,1,1
C1190,50,Jaffna,58461,0.545,4,0
C1309,23,Kandy,98002,0.731,8,YES
C1259,,Colombo,84764,0.927,6,1
C1105,54,Kandy,LKR 75640,0.794,6,1
C1053,39,Kandy,104714,0.687,0,0
C1389,25,,93485,0.551,0,0
C1001,-3,,99816,0.852,1,1
C1457,47,Galle,78270,0.686,8,1
C1384,150,Colombo,50859,56%,2,0
C1049,54,Galle,,,8,n
C1419,41,Kandy,75084,0.583,8,0
C1080,62,Galle,56409,0.63,3,0
C1205,30,colombo,116408,0.456,10,0
C1034,59,Kandy,114274,0.489,0,0
C1430,,Colombo,79049,0.529,6,NO
C1263,61,COLOMBO,91183,0.679,3,0
C1427,55,Kandy,66547,0.831,5,0
C1490,61,Colombo,94509,0.515,3,No
C1366,40,galle,44242,0.198,5,0
C1091,55,Negombo,62286,0.765,4,No
C1339,62,Colombo,84784,0.59,9,0
C1492,53,Jaffna,70909,-0.2,2,0
C1052,35,Kandy,80615,0.553,10,0
C1345,30,Colombo,73674,0.506,1,0
C1264,64,Colombo,,0.76,1,FALSE
C1241,45,Galle,77883,0.49,8,0
C1013,53,Colombo,70871,0.636,9,0
C1315,48,Galle,74969,0.447,5,0
C1088,54,Colombo,67980,0.12,9,n
C1387,57,Galle,,0.655,6,0
C1273,63,Kandy,103926,0.427,0,0
C1166,33,Colombo,102389,0.845,2,1
C1328,24,Jaffna,,0.719,5,1
C1024,54,Galle,77179,0.808,5,y
C1134,55,Colombo,81129,0.964,6,1
C1306,32,Colombo,LKR 27035,0.836,9,1
C1427,55,Kandy,66547,0.831,5,0
C1319,54,Kandy,,0.893,5,1
C1243,48,Colombo,72586,0.703,4,1
C1054,41,Jaffna,75265,0.508,10,0
C1363,59,Negombo,,0.493,9,0
C1050,53,Galle,113038,0.897,7,1
C1472,38,Colombo,69354,0.371,8,0
C1174,50,Kandy,68142,0.283,1,0
C1445,49,Kandy,56061,50%,11,0
C1189,32,Galle,51323,0.712,3,0
,,,,,,
C1463,37,Jaffna,LKR 88923,0.841,5,1
C1187,,Kandy,46906,0.737,2,1
C1475,54,Colombo,118131,0.694,10,1
C1169,19,Jaffna,37512,0.455,7,0
C1058,52,Colombo,76328,0.685,9,1
C1474,47,Colombo,117543,0.395,3,0
C1048,49,Galle,46843,0.737,11,1
C1344,60,Colombo,60824,0.451,0,0
C1235,51,Kandy,105152,0.599,6,NO
C1252,26,Negombo,79909,62%,11,0
C1021,35,Colombo,101130,0.44,10,0
C1313,31,Galle,85674,0.41,11,0
C1459,22,Kandy,84184,0.569,4,0
C1160,64,Galle,79962,0.841,1,1
C1276,39,Negombo,91870,0.678,9,1
C1443,40,Colombo,41839,0.944,7,Yes
C1191,47,Colombo,83735,0.98,3,1
C1385,23,COLOMBO,90416,0.864,11,1
C1293,,Negombo,38588,0.26,10,0
C1413,24,Colombo,105398,0.617,6,1
C1491,58,Colombo,64240,0.21,1,0
C1343,42,Kandy,99909,0.414,8,0
C1257,22,Jaffna,65929,0.358,9,0
C1308,32,Kandy,74898,0.236,1,0
C1149,150,Kandy,73975,0.793,5,1
C1130,44,Kandy,67040,0.574,6,0
C1151,0,JAFFNA,52826,0.769,9,1
C1359,53,Kandy,106577,68%,4,1
C1099,24,Colombo,49933,0.834,8,1
C1372,37,Negombo,92489,0.589,3,Yes
C1087,32,Galle,47627,0.842,0,1
C1458,57,Kandy,,0.489,10,1
C1330,43,Kandy,47681,,4,0
C1214,52,Kandy,81812,66%,2,0
C1466,25,Kandy,68044,0.523,1,0
C1121,49,Colombo,75783,,7,1
C9999,,,,,0,
C1020,41,Colombo,97038,,4,1
C1071,,Kandy,47493,0.541,6,0
C1106,54,Galle,75680,0.67,0,0
C1270,31,JAFFNA,94152,0.509,8,0
C1435,23,Colombo,77433,0.338,10,0
C1102,55,Kandy,49434,0.616,10,NO